Movie Name,Director,Year,Jump Count,Jump Scare  Rating,Imdb,MPAA Rating,Genre,Month,Budget,Worldwide Gross,Netflix  (US),Duration,Rotten Tomatoes,Language,Country,,,,
10 Cloverfield Lane,Dan Trachtenberg,2016,8,2.5,7.2,PG-13,"Drama, Horror, Mystery",March,"$15,000,000","$110,216,998",No,104,,English,USA,,,,
28 Days Later,Danny Boyle,2003,10,3,7.6,R,"Drama, Horror, Sci-Fi",June,"$8,000,000","$85,720,385",No,113,,English,UK,,,,
28 Weeks Later,Juan Carlos Fresnadillo,2007,17,3.5,7,R,"Drama, Horror, Sci-Fi",May,"$15,000,000","$64,238,440",No,100,,English,UK,,,,
30 Days of Night,David Slade,2007,9,2.5,6.6,R,"Action, Horror, Thriller",October,"$30,000,000","$75,505,977",No,113,,English,USA,,,,
31,Rob Zombie,2016,8,2.5,5.1,R,"Horror, Thriller",September,"$1,500,000","$850,419",No,102,,English,USA,,,,
47 Meters Down,Johannes Roberts,2017,11,3,5.6,PG-13,"Adventure, Drama, Horror",June,"$5,300,000","$62,187,529",Yes,89,,English,USA,,,,
1408,Mikael Håfström,2007,8,3,6.8,PG-13,"Fantasy, Horror, Mystery",June,"$25,000,000","$132,033,383",No,114,,English,USA,,,,
1922,Zak Hilditch,2017,2,1,6.3,TV-MA,"Crime, Drama, Horror",October,,,Yes,102,,English,USA,,,,
A Cure for Wellness,Gore Verbinski,2016,6,1.5,6.4,R,"Drama, Fantasy, Horror",February,"$40,000,000","$26,620,002",No,146,,English,USA,,,,
A Ghost Story,David Lowery,2017,3,1,6.8,R,"Drama, Fantasy, Romance",July,"$100,000","$1,951,683",No,92,,English,USA,,,,
A Girl Walks Home Alone at Night,Ana Lily Amirpour,2014,0,0,7,NR,"Drama, Horror",April,"$491,910","$546,352",No,101,,Persian,USA,,,,
A Nightmare on Elm Street,Wes Craven,1984,11,2.5,7.5,R,Horror,November,"$1,800,000","$25,504,513",No,101,,English,USA,,,,
A Nightmare on Elm Street,Samuel Bayer,2010,15,3,5.2,R,"Crime, Drama, Horror",April,"$35,000,000","$115,664,037",No,95,,English,USA,,,,
A Nightmare on Elm Street 2: Freddy's Revenge,Jack Sholder,1985,8,2,5.5,R,Horror,November,"$3,000,000","$29,999,213",No,87,,English,USA,,,,
A Nightmare on Elm Street 3: Dream Warriors,Chuck Russell,1987,11,2.5,6.6,R,"Fantasy, Horror",February,"$4,500,000","$44,793,222",No,88,,English,USA,,,,
A Quiet Place,John Krasinski,2018,14,4,7.5,PG-13,"Drama, Horror, Sci-Fi",April,"$17,000,000","$340,939,361",No,90,,English,USA,,,,
A Tale of Two Sisters,Jee-woon Kim,2003,14,3,7.2,R,"Drama, Horror, Thriller",June,"$3,700,000","$1,045,252",No,115,,Korean,South Korea,,,,
Absentia,Mike Flanagan,2011,8,2,5.8,R,"Drama, Horror, Mystery",April,"$70,000","$8,555",No,87,,English,USA,,,,
Alien,Ridley Scott,1979,11,2.5,8.4,R,"Horror, Sci-Fi",June,"$11,000,000","$106,497,869",No,116,,English,USA,,,,
Alien: Covenant,Ridley Scott,2017,6,2,6.4,R,"Horror, Sci-Fi, Thriller",May,"$97,000,000","$240,891,763",No,122,,,,,,,
Alien 3,David Fincher,1992,12,2.5,6.5,R,"Action, Horror, Sci-Fi",May,"$50,000,000","$159,814,498",No,145,,,,,,,
Alien: Resurrection,Jean-Pierre Jeunet,1997,9,3,6.2,R,"Action, Horror, Sci-Fi",November,"$75,000,000","$161,376,068",No,116,,,,,,,
Aliens,James Cameron,1986,13,3,8.4,R,"Action, Adventure, Sci-Fi",July,"$18,500,000","$131,335,326",No,154,,,,,,,
Alone,"Banjong Pisanthanakun, Parkpoom Wongpoom",2007,21,4.5,6.8,NR,"Drama, Horror, Thriller",March,,"$9,559,978",No,105,,Thai,Thailand,,,,
Altered States,Ken Russell,1980,2,0.5,6.9,R,"Horror, Sci-Fi, Thriller",December,"$14,900,000","$19,853,892",No,102,,,,,,,
Amityville: The Awakening,Franck Khalfoun,2017,11,3,4.8,PG-13,"Horror, Thriller",October,,"$7,701,908",No,85,,,,,,,
Amnesiac,Michael Polish,2015,1,0.5,4.3,TV-MA,"Drama, Horror, Mystery",November,"$3,000,000","$61,192",No,90,,,,,,,
An American Werewolf in London,James Landis,1981,14,3,7.5,R,"Comedy, Horror",August,"$10,000,000","$30,565,292",No,97,,,,,,,
An American Werewolf in Paris,Anthony Waller,1997,11,2.5,5.1,R,"Comedy, Fantasy, Horror",December,"$25,000,000","$26,570,463",No,105,,,,,,,
Anaconda,Luis Llosa,1997,9,2,4.8,PG-13,"Action, Adventure, Horror",April,"$45,000,000","$136,885,767",No,89,,,,,,,
Anna,Jorge Dorado,2013,5,1,6.5,R,"Drama, Mystery, Sci-Fi",January,"$7,000,000","$1,257,142",No,99,,,,,,,
Annabelle,John R. Leonetti,2014,11,3.5,5.4,R,"Horror, Mystery, Thriller",October,"$6,500,000","$257,047,661",No,99,,,,,,,
Annabelle Comes Home,Gary Dauberman,2019,20,4,6,R,"Horror, Mystery, Thriller",June,"$27,000,000","$228,552,591",No,106,,,,,,,
Annabelle: Creation,David F. Sandberg,2017,23,4.5,6.5,R,"Horror, Mystery, Thriller",August,"$15,000,000","$306,515,884",No,109,,,,,,,
Annihilation,Alex Garland,2018,4,1.5,6.9,R,"Adventure, Drama, Horror",February,"$40,000,000","$43,070,915",Yes,115,,,,,,,
Apollo 18,Gonzalo López-Gallego,2011,10,3,5.2,PG-13,"Horror, Mystery, Sci-Fi",September,"$5,000,000","$25,562,924",No,86,,,,,,,
Apostle,Gareth Evans,2018,5,1.5,6.3,TV-MA,"Drama, Fantasy, Horror",October,,,Yes,130,,,,,,,
Army of Darkness,Sam Raimi,1992,9,2,7.5,R,"Comedy, Horror",February,"$11,000,000","$11,502,976",No,81,,,,,,,
Arrival,Denis Villeneuve,2016,3,0.5,7.9,PG-13,"Drama, Mystery, Sci-Fi",November,"$47,000,000","$203,388,186",No,116,,,,,,,
"As Above, So Below",John Erick Dowdle,2014,7,3,6.2,R,"Horror, Mystery, Thriller",August,"$5,000,000","$41,898,409",Yes,93,,,,,,,
Attack the Block,Joe Cornish,2011,12,3,6.6,R,"Action, Comedy, Sci-Fi",May,"$13,000,000","$5,824,175",No,88,,,,,,,
Audition,Takashi Miike,1999,1,0.5,7.2,R,"Drama, Horror, Mystery",March,,"$359,853",No,115,,,,,,,
Backcountry,Adam MacDonald,2014,4,0.5,6,R,"Drama, Horror, Thriller",March,"$1,200,000","$13,848",Yes,92,,English,Canada,,,,u
Backtrack,Michael Petroni,2015,14,3.5,5.9,R,"Drama, Fantasy, Mystery",January,,"$905,669",No,90,,,,,,,
Banshee Chapter,Blair Erickson,2013,22,5,5.5,R,"Horror, Sci-Fi, Thriller",December,"$950,000",,No,87,,,,,,,
Before I Wake,Mike Flanagan,2016,9,3,6.2,PG-13,"Drama, Fantasy, Horror",January,,"$3,965,086",Yes,97,,,,,,,
Berberian Sound Studio,Peter Strickland,2012,0,0,6.2,NR,"Drama, Horror, Thriller",August,,"$312,757",No,92,,,,,,,
Berlin Syndrome,Cate Shortland,2017,1,0.5,6.3,R,"Drama, Horror, Mystery",May,,"$397,783",No,116,,,,,,,
Better Watch Out,Chris Peckover,2016,11,2.5,6.5,R,"Comedy, Crime, Horror",October,,"$176,288",No,89,,,,,,,
Bird Box,Susanne Bier,2018,4,0.5,6.6,R,"Drama, Horror, Sci-Fi",December,"$19,800,000",,Yes,124,,,,,,,
Black Christmas,Bob Clark,1974,4,1.5,7.2,R,"Horror, Mystery, Thriller",December,"$620,000","$4,053,000",No,98,,,,,,,
Black Swan,Darren Aronofsky,2010,10,3,8,R,"Drama, Thriller",December,"$13,000,000","$329,398,046",No,108,,,,,,,
Blade,Stephen Norrington,1998,1,1,7.1,R,"Action, Horror, Sci-Fi",August,"$45,000,000","$131,183,530",No,120,,,,,,,
Blair Witch,Adam Wingard,2016,18,4,5,R,"Horror, Mystery, Thriller",September,"$5,000,000","$45,173,154",No,89,,,,,,,
Bone Tomahawk,S. Craig Zahler,2015,0,0,7.1,NR,"Drama, Horror, Western",February,"$1,800,000","$382,579",No,132,,,,,,,
Bram Stoker's Dracula,Francis Ford Coppola,1992,1,0.5,7.4,R,Horror,November,"$40,000,000","$215,862,692",No,128,,,,,,,
Bride of Chucky,Ronny Yu,1998,11,2,5.4,R,"Comedy, Horror",October,"$25,000,000","$50,688,658",No,89,,,,,,,
Cabin Fever,Eli Roth,2002,10,2.5,5.6,R,Horror,September,"$1,500,000","$30,553,394",No,88,,,,,,,
Cam,Daniel Goldhaber,2018,1,0.5,5.9,TV-MA,"Horror, Mystery, Thriller",November,"$1,000,000",,Yes,94,,,,,,,
Candyman,Bernard Rose,1992,16,4,6.6,R,"Horror, Thriller",October,"$6,000,000","$25,792,310",No,99,,,,,,,
Cape Fear,Martin Scorsese,1991,4,1.5,7.3,R,"Crime, Thriller",November,"$35,000,000","$182,291,969",No,128,,,,,,,
Cargo,"Ben Howling, Yolanda Ramke",2017,2,0.5,6.3,TV-MA,"Drama, Horror, Sci-Fi",May,,"$56,385",Yes,93,,,,,,,
Carrie,Brian De Palma,1976,1,0.5,7.4,R,Horror,November,"$1,800,000","$33,800,000",No,98,,,,,,,
Carrie,Kimberly Peirce,2013,4,1,5.9,R,"Drama, Horror",October,"$30,000,000","$84,790,678",No,100,,,,,,,
Case 39,Christian Alvart,2009,9,2,6.2,R,"Horror, Mystery, Thriller",October,"$26,000,000","$28,189,979",No,109,,,,,,,
Cat People,Jacques Tourneur,1942,2,1,7.4,NR,"Fantasy, Horror, Thriller",December,"$134,000","$8,000,000",No,73,,,,,,,
Cell,Tod Williams,2016,5,2,4.3,R,"Action, Drama, Horror",June,,"$1,323,012",No,98,,,,,,,
Chernobyl Diaries,Bradley Parker,2012,16,3.5,5,R,"Horror, Mystery, Thriller",May,"$1,000,000","$37,157,648",Yes,86,,,,,,,
Children of the Corn,Fritz Kiersch,1984,8,3,5.7,R,"Horror, Thriller",March,"$800,000","$14,568,989",No,88,,,,,,,
Child's Play,Tom Holland,1988,8,2.5,6.6,R,"Horror, Thriller",November,"$9,000,000","$44,196,684",No,87,,,,,,,
Child’s Play,Lars Klevberg,2019,6,3,5.9,R,Horror,June,"$10,000,000","$44,902,237",No,90,,,,,,,
Cloverfield,Matt Reeves,2008,7,2,7,PG-13,"Horror, Sci-Fi, Thriller",January,"$25,000,000","$170,764,026",No,85,,,,,,,
Clown,Jon Watts,2014,11,3,5.7,R,"Drama, Fantasy, Horror",June,"$1,500,000","$4,381,603",No,100,,,,,,,
Cooties,"Jonathan Milott, Cary Murnion",2014,15,3,5.7,R,"Action, Comedy, Horror",September,,"$485,544",No,88,,,,,,,
Creep,Patrick Brice,2014,10,3,6.3,R,"Horror, Thriller",June,,,Yes,78,,,,,,,
Creep 2,Patrick Brice,2017,6,2,6.4,NR,"Horror, Thriller",October,,,Yes,80,,,,,,,
Crimson Peak,Guillermo del Toro,2015,9,2.5,6.5,R,"Drama, Fantasy, Horror",October,"$55,000,000","$74,679,822",No,119,,,,,,,
Cube,Vincenzo Natali,1997,1,0.5,7.2,R,"Drama, Mystery, Sci-Fi",July,"$365,000","$565,727",No,90,,,,,,,
Cujo,Lewis Teague,1983,4,1,6.1,R,"Horror, Thriller",August,"$5,000,000","$21,156,152",No,93,,,,,,,
Cult of Chucky,Don Mancini,2017,14,3.5,5.2,R,"Comedy, Fantasy, Horror",October,,,Yes,91,,,,,,,
Cyberbully,Ben Chanan,2015,1,1,6.8,PG-13,"Crime, Drama, Mystery",January,,,No,62,,,,,,,
Dark Shadows,Tim Burton,2012,2,0.5,6.2,PG-13,"Comedy, Fantasy, Horror",May,"$150,000,000","$245,527,149",No,113,,,,,,,
Dark Skies,Scott Stewart,2013,11,2.5,6.3,PG-13,"Horror, Sci-Fi, Thriller",February,"$3,500,000","$26,421,747",No,97,,,,,,,
Dark Was The Night,Jack Heller,2014,16,3,5.6,NR,"Drama, Horror, Thriller",July,,,No,99,,,,,,,
Dark Water,Walter Salles,2005,7,2,5.6,PG-13,"Drama, Horror, Fantasy",July,"$30,000,000","$68,357,079",No,105,,,,,,,
Dawn of the Dead,Zack Synder,2004,10,2,7.3,NR,"Action, Horror",March,"$26,000,000","$102,278,712",No,110,,,,,,,
Day of the Dead,George A. Romero,1985,10,3,7.1,NR,"Horror, Thriller",July,"$3,500,000","$5,000,000",No,96,,,,,,,
Dead Alive,Peter Jackson,1992,3,1,7.5,NR,"Comedy, Horror",February,"$3,000,000","$242,623",No,97,,,,,,,
Dead Calm,Phillip Noyce,1989,2,1,6.8,R,"Horror, Thriller",April,"$10,400,000","$7,825,009",No,96,,,,,,,
Dead End,"Jean-Baptiste Andrea, Fabrice Canepa",2003,9,2.5,6.6,R,"Adventure, Horror, Mystery",November,,"$900,000",No,85,,,,,,,
Dead Silence,James Wan,2007,15,4,6.2,NR,"Horror, Mystery, Thriller",March,"$20,000,000","$22,217,407",No,92,,,,,,,
Death Note,Adam Wingard,2017,6,1.5,4.6,TV-MA,"Adventure, Crime, Drama",August,,,Yes,101,,,,,,,
Deathgasm,Jason Lei Howden,2015,7,2,6.3,NR,"Action, Comedy, Horror",October,,,No,86,,,,,,,
Deep Blue Sea,Renny Harlin,1999,10,2.5,5.8,R,"Action, Adventure, Sci-Fi",July,"$60,000,000","$164,648,142",No,105,,,,,,,
Deep Red,Dario Argento,1975,7,1.5,7.7,R,"Horror, Mystery, Thriller",June,,,No,126,,,,,,,
Deliver Us From Evil,Scott Derrickson,2014,16,4,6.2,R,"Horror, Mystery, Thriller",July,"$30,000,000","$87,937,815",No,118,,,,,,,
Dementia,Mike Testin,2015,0,0,5,NR,"Drama, Horror, Thriller",December,,,No,90,,,,,,,
Demonic,Will Canon,2015,17,4,5.3,R,"Horror, Thriller",October,"$3,000,000","$3,387,774",Yes,83,,,,,,,
Devil,John Erick Dowdle,2010,4,1.5,6.2,PG-13,"Horror, Mystery, Thriller",September,"$10,000,000","$62,695,489",No,80,,,,,,,
Devil's Due,"Matt Bettinelli-Olpin, Tyler Gillett",2014,13,3,4.1,R,"Horror, Mystery, Thriller",January,"$7,000,000","$36,921,560",No,89,,,,,,,
Devil's Pass,Renny Harlin,2013,10,2.5,5.7,R,"Horror, Mystery, Thriller",February,,"$5,217,347",No,100,,,,,,,
Dismissed,Benjamin Arfmann,2017,0,0,5.8,NR,"Drama, Horror, Thriller",January,,,No,87,,,,,,,
Disturbia,D.J. Caruso,2007,13,3,6.8,PG-13,"Crime, Drama, Mystery",April,"$20,000,000","$117,760,134",No,105,,,,,,,
Dog Soldiers,Neil Marshall,2002,13,3,6.8,R,"Action, Horror, Thriller",May,"$2,000,000","$3,530,620",No,105,,,,,,,
Donnie Darko,Richard Kelly,2001,3,1,8,R,"Drama, Sci-Fi, Thriller",January,"$6,000,000","$4,269,636",No,133,,,,,,,
Don't Be Afraid of the Dark,Troy Nixey,2010,8,3,5.5,R,"Fantasy, Horror, Thriller",August,"$25,000,000","$36,993,168",No,99,,,,,,,
Don't Breathe,Fede Alvarez,2016,17,3.5,7.1,R,"Crime, Horror, Thriller",August,"$9,900,000","$157,100,845",No,88,,,,,,,
Don't Knock Twice,Caradog W. James,2016,19,3.5,5.1,R,Horror,February,,"$2,081,591",No,93,,,,,,,
Doom,Andrzej Bartkowiak,2005,15,3.5,5.2,R,"Action, Adventure, Fantasy",October,"$60,000,000","$55,987,321",Yes,113,,,,,,,
Dracula Untold,Gary Shore,2014,4,1,6.3,PG-13,"Action, Drama, Fantasy",October,"$70,000,000","$217,124,280",No,92,,,,,,,
Drag Me To Hell,Sam Raimi,2009,23,4.5,6.5,PG-13,"Horror, Thriller",May,"$30,000,000","$90,842,646",No,99,,,,,,,
Dreamcatcher,Lawrence Kasdan,2003,11,3,5.5,R,"Drama, Horror, Sci-Fi",March,"$68,000,000","$81,240,406",No,136,,,,,,,
Eden Lake,James Watkins,2008,3,1,6.8,R,"Horror, Thriller",September,,"$3,984,669",No,91,,,,,,,
Eli,Ciarán Foy,2019,13,3.5,5.9,R,Horror,October,,,Yes,98,,,,,,,
Elle,Paul Verhoeven,2016,7,2,7.1,R,"Crime, Drama, Thriller",November,"9,000,000","$12,748,594",No,130,,,,,,,
Emelie,Michael Thelin,2015,3,0.5,5.4,NR,"Horror, Thriller",March,,"$6,147",Yes,82,,,,,,,
Escape Room,Adam Robitel,2019,4,1.5,6.3,PG-13,"Action, Adventure, Horror",January,"$9,000,000","$155,712,077",No,103,,,,,,,
Europa Report,Sebastián Cordero,2013,1,0.5,6.4,PG-13,"Drama, Mystery, Sci-Fi",June,,"$125,687",No,90,,,,,,,
Event Horizon,Paul W.S. Anderson,1997,11,3,6.7,R,"Horror, Sci-Fi, Thriller",August,"$60,000,000","$26,673,242",No,130,,,,,,,
Evil Dead,Fede Alvarez,2013,20,4,6.5,R,"Fantasy, Horror, Thriller",April,"$17,000,000","$97,542,952",No,96,,,,,,,
Evil Dead II,Sam Raimi,1987,27,4,7.8,R,"Comedy, Horror",March,"$3,600,000","$5,923,044",No,84,,,,,,,
Exorcist: The Beginning,Renny Harlin,2004,17,4,5.1,R,"Horror, Mystery, Thriller",August,"$80,000,000","$76,899,937",No,125,,,,,,,
Extinction,Miguel Ángel Vivas,2015,12,3,5.8,R,"Drama, Horror, Sci-Fi",July,"7,000,000","$2,350,695",No,113,,,,,,,
Extraterrestrial,Colin Minihan,2014,30,4.5,5,NR,"Horror, Mystery, Sci-Fi",October,"$3,000,000","$71,103",No,101,,,,,,,
Fear Clinic,Robert Hall,2014,13,3,5,R,Horror,July,"$1,000,000","$106,974",No,95,,,,,,,
Final Destination,James Wong,2000,4,2,6.7,R,"Horror, Thriller",March,"$23,000,000","$112,880,294",Yes,98,,,,,,,
Final Destination 2,David R. Ellis,2003,3,1,6.2,R,"Horror, Thriller",January,"$26,000,000","$90,342,474",Yes,90,,,,,,,
Final Destination 3,James Wong,2006,5,1,5.8,R,"Horror, Thriller",February,"$25,000,000","$117,719,158",Yes,86,,,,,,,
Final Destination 5,Steven Quale,2011,5,1.5,5.8,R,"Horror, Thriller",August,"$40,000,000","$157,887,643",No,92,,,,,,,
Flatliners,Joel Schumacher,1990,7,2,6.6,R,"Drama, Horror, Sci-Fi",August,"$26,000,000","$61,489,265",Yes,115,,,,,,,
Flatliners,Niels Arden Oplev,2017,20,4,5,PG-13,"Drama, Horror, Mystery",September,"$19,000,000","$45,158,254",No,109,,,,,,,
Frailty,Bill Paxton,2001,0,0,7.2,R,"Crime, Drama, Thriller",April,"$11,000,000","$17,423,030",No,100,,,,,,,
Freddy vs. Jason,Ronny Yu,2003,24,4,5.7,R,"Action, Horror",August,"$30,000,000","$114,908,830",No,97,,,,,,,
Friday the 13th,Sean S. Cunningham,1980,10,3,6.5,R,"Horror, Mystery, Thriller",May,"$550,000","$39,754,601",No,95,,,,,,,
Friday the 13th,Marcus Nispel,2009,23,4,5.6,R,"Horror, Mystery, Thriller",February,"$19,000,000","$91,379,051",No,97,,,,,,,
Friend Request,Simon Verhoeven,2016,21,4,5.3,R,"Horror, Mystery, Thriller",September,"$9,900,000","$10,975,390",Yes,92,,,,,,,
Fright Night,Craig Gillespie,2011,10,3,6.3,R,"Comedy, Horror",August,"$30,000,000","$41,002,607",No,106,,,,,,,
Funny Games,Michael Haneke,1997,1,0.5,7.6,NR,"Crime, Drama, Thriller",March,,,No,108,,,,,,,
Funny Games,Michael Haneke,2007,1,0.5,6.5,R,"Crime, Drama, Thriller",April,"$15,000,000","$7,938,872",No,111,,,,,,,
Gerald's Game,Mike Flanagan,2017,3,0.5,6.6,TV-MA,"Drama, Horror, Thriller",September,,,Yes,103,,,,,,,
Get Out,Jordan Peele,2017,10,2.5,7.7,R,"Horror, Mystery, Thriller",February,"$4,500,000","$255,413,717",No,104,,,,,,,
Ghost Ship,Steve Beck,2002,12,3,5.5,R,Horror,October,"$20,000,000","$68,349,884",Yes,91,,,,,,,
Ghost Stories,"Jeremy Dyson, Andy Nyman",2017,20,4,6.4,NR,"Drama, Horror",April,,"$4,131,358",No,98,,,,,,,
Ghostland,Pascal Laugier,2018,21,4,6.4,NR,"Drama, Horror, Mystery",June,,"$5,643,957",No,91,,,,,,,
Goodnight Mommy,"Severin Fiala, Veronika Franz",2014,1,0.5,6.7,R,"Horror, Mystery, Thriller",September,,"$2,193,474",No,100,,,,,,,
Goosebumps,Rob Letterman,2015,10,2.5,6.3,PG,"Adventure, Comedy, Family",October,"$58,000,000","$158,260,952",No,103,,,,,,,
Gothika,Mathieu Kassovitz,2003,16,3.5,5.8,R,"Horror, Mystery, Thriller",November,"$40,000,000","$141,591,324",Yes,98,,,,,,,
Grave Encounters,"Colin Minihan, Stuart Ortiz",2011,12,4,6.1,NR,Horror,September,"$100,000","$1,658,053",No,92,,,,,,,
Green Room,Jeremy Saulnier,2015,1,0.5,7,R,"Horror, Music, Thriller",May,"$5,000,000","$3,769,214",Yes,95,,,,,,,
Gremlins,Joe Dante,1984,17,3.5,7.3,PG,"Comedy, Fantasy, Horror",June,"$11,000,000","$153,120,458",No,106,,,,,,,
Halloween,John Carpenter,1978,13,2.5,7.8,R,"Horror, Thriller",October,"$325,000","$47,000,000",No,91,,,,,,,
Halloween,Rob Zombie,2007,9,3,6.1,NR,Horror,August,"$15,000,000","$80,253,908",No,121,,,,,,,
Halloween,David Gordon Green,2018,14,3.5,7.8,R,"Horror, Thriller",October,"$10,000,000","$255,485,178",No,106,,,,,,,
Halloween H20: 20 Years Later,Steve Miner,1998,16,3.5,5.7,R,"Horror, Thriller",August,"$17,000,000","$55,041,738",No,86,,,,,,,
Halloween II,Rick Rosenthal,1981,8,2,6.5,R,Horror,October,"$2,500,000","$25,533,818",No,92,,,,,,,
Halloween II,Rob Zombie,2009,16,3,4.9,NR,Horror,August,"$15,000,000","$39,421,467",No,119,,,,,,,
Hannibal,Ridley Scott,2001,2,0.5,6.8,R,"Crime, Drama, Thriller",February,"$87,000,000","$351,692,268",No,132,,,,,,,
Hannibal Rising,Peter Webber,2007,0,0,6.2,R,"Adventure, Crime, Drama",February,"$50,000,000","$82,169,884",No,121,,,,,,,
Happy Death Day 2U,Christopher Landon,2019,7,2,6.2,PG-13,"Comedy, Horror, Mystery",February,"$9,000,000","$64,503,067",No,100,,,,,,,
Happy Death Day,Christopher Landon,2017,8,2.5,6.5,PG-13,"Horror, Mystery, Thriller",October,"$4,800,000","$125,479,266",No,96,,,,,,,
Hellboy,Guillermo del Toro,2004,6,1.5,6.8,PG-13,"Action, Adventure, Fantasy",April,"$66,000,000","$99,378,985",No,132,,,,,,,
Hellraiser,Clive Barker,1987,5,2,7,R,"Horror, Thriller",September,"$1,000,000","$14,575,193",No,86,,,,,,,
Here Alone,Rod Blackhurst,2016,2,0.5,5.6,NR,"Drama, Horror, Sci-Fi",May,,"$25,043",Yes,98,,,,,,,
Hereditary,Ari Aster,2018,8,2,7.3,R,"Drama, Horror, Mystery",June,"$10,000,000","$79,336,821",No,127,,,,,,,
Hidden,"Matt Duffer, Ross Duffer",2015,4,1.5,6.4,R,"Horror, Thriller",September,,,No,84,,,,,,,
Hide and Seek,John Polson,2005,16,3.5,6,R,"Drama, Horror, Mystery",January,"$30,000,000","$126,809,881",No,101,,,,,,,
High Tension,Alexandre Aja,2003,8,2.5,6.8,R,Horror,June,"$2,200,000","$6,291,958",No,89,,,,,,,
Holidays,Various Directors,2016,5,2,5.1,NR,"Fantasy, Horror, Mystery",April,,"$55,621",Yes,105,,,,,,,
Hollow Man,Paul Verhoeven,2000,9,2.5,5.8,R,"Action, Horror, Sci-Fi",August,"$95,000,000","$190,213,455",No,119,,,,,,,
Honeymoon,Leigh Janiak,2014,3,0.5,5.7,R,"Horror, Mystery, Thriller",September,"$1,000,000","$24,343",No,87,,,,,,,
Horns,Alexandre Aja,2013,3,0.5,6.5,R,"Crime, Drama, Fantasy",October,,"$3,875,442",No,120,,,,,,,
Hostel,Eli Roth,2005,2,0.5,5.9,R,Horror,January,"$4,800,000","$80,578,934",No,93,,,,,,,
Hounds of Love,Ben Young,2016,0,0,6.5,NR,"Crime, Drama, Thriller",May,,"$234,419",No,108,,,,,,,
Hour of the Wolf,Ingmar Bergman,1968,1,0.5,7.7,NR,"Drama, Horror",April,,,No,90,,,,,,,
House,Steve Miner,1986,11,3,6.2,R,"Comedy, Fantasy, Horror",February,"$3,000,000","$19,444,631",No,93,,,,,,,
House of 1000 Corpses,Rob Zombie,2003,6,2.5,6.1,R,Horror,April,"$7,000,000","$16,829,545",No,105,,,,,,,
House of Wax,Jaume Collet-Serra,2005,16,4,5.3,R,Horror,May,"$40,000,000","$68,766,121",No,108,,,,,,,
House on Haunted Hill,William Malone,1999,14,3,5.6,R,"Horror, Mystery, Thriller",October,"$37,000,000","$42,593,455",No,93,,,,,,,
Hush,Mike Flanagan,2016,7,2.5,6.6,R,"Horror, Thriller",April,"$1,000,000",,Yes,87,,,,,,,
I Am Legend,Francis Lawrence,2007,9,2.5,7.2,PG-13,"Drama, Sci-Fi, Thriller",December,"$150,000,000","$585,349,010",No,104,,,,,,,
I Am Not a Serial Killer,Billy O’Brien,2016,3,1,6.2,NR,"Drama, Horror, Thriller",August,"$1,254,470","$21,148",No,104,,,,,,,
I Am the Pretty Thing That Lives in the House,Oz Perkins,2016,4,0.5,4.5,NR,"Horror, Mystery, Thriller",October,,,Yes,87,,,,,,,
I Know What You Did Last Summer,Jim Gillespie,1997,13,3.5,5.7,R,"Horror, Mystery",October,"$17,000,000","$125,586,134",Yes,99,,,,,,,
Identity,James Mangold,2003,11,2.5,7.3,R,"Mystery, Thriller",April,"$28,000,000","$90,259,536",No,91,,,,,,,
Idle Hands,Rodman Flender,1999,10,3,6.2,R,"Comedy, Fantasy, Horror",April,"$25,000,000","$4,152,230",No,92,,,,,,,
In The Mouth Of Madness,John Carpenter,1994,10,3,7.2,R,"Drama, Horror, Mystery",February,"$8,000,000","$8,924,549",No,95,,,,,,,
In the Tall Grass,Vincenzo Natali,2019,4,1,5.7,TV-MA,"Drama, Horror, Thriller",October,,,Yes,90,,,,,,,
Incarnate,Brad Peyton,2016,9,2.5,5.2,PG-13,"Horror, Thriller",December,"$5,000,000","$6,341,855",No,91,,,,,,,
Inland Empire,David Lynch,2006,8,2.5,6.9,R,"Drama, Mystery, Thriller",February,,"$4,044,781",No,180,,,,,,,
Inside,"Alexandre Bustillo, Julien Maury",2007,4,1,6.8,NC-17,Horror,June,"$3,000,000","$792,184",No,82,,French,France,,,,
Insidious,James Wan,2010,24,5,6.8,PG-13,"Horror, Mystery, Thriller",April,"$1,500,000","$97,009,150",No,103,,,,,,,
Insidious: Chapter 2,James Wan,2013,22,4,6.6,PG-13,"Horror, Mystery, Thriller",September,"$5,000,000","$161,919,318",No,106,,,,,,,
Insidious: Chapter 3,Leigh Whannell,2015,15,4,6.1,PG-13,"Horror, Mystery, Thriller",June,"$10,000,000","$112,983,889",No,97,,,,,,,
Insidious: The Last Key,Adam Robitel,2018,15,4,5.7,PG-13,"Horror, Mystery, Thriller",January,"$10,000,000","$167,885,588",No,103,,,,,,,
Interview With the Vampire,Neil Jordan,1994,6,2,7.6,R,"Drama, Horror",November,"$60,000,000","$223,664,608",No,123,,,,,,,
Intruders,Adam Schindler,2015,4,1,5.4,R,"Drama, Horror, Thriller",January,,,No,86,,,,,,,
Invasion of the Body Snatchers,Philip Kaufman,1978,4,1,7.4,PG,"Horror, Sci-Fi",December,"$3,500,000","$24,946,533",No,115,,,,,,,
It,Andy Muschietti,2017,23,4,7.4,R,Horror,September,"$35,000,000","$700,449,318",No,135,,,,,,,
It Chapter Two,Andy Muschietti,2019,24,4,7,R,"Drama, Fantasy, Horror",September,"$79,000,000","$459,245,680",No,169,,,,,,,
It Comes at Night,Trey Edward Shults,2017,5,1.5,6.2,R,"Horror, Mystery",June,"$5,000,000","$19,280,931",No,91,,,,,,,
It Follows,David Robert Mitchell,2014,5,2,6.8,R,"Horror, Mystery, Thriller",March,"$1,000,000","$21,528,593",No,100,,,,,,,
Jacob's Ladder,Adrian Lyne,1990,4,1,7.5,R,"Drama, Horror, Mystery",November,"$25,000,000","$26,118,851",No,113,,,,,,,
Jaws,Steven Spielberg,1975,4,2.5,8,PG,"Adventure, Drama, Thriller",June,"$7,000,000","$471,203,004",No,130,,,,,,,
Jeepers Creepers,Victor Salva,2001,11,3.5,6.2,R,"Horror, Mystery",August,"$10,000,000","$59,371,303",No,90,,,,,,,
Jennifer's Body,Karyn Kusama,2009,6,2,5.2,R,"Comedy, Horror",September,"$16,000,000","$31,556,061",No,107,,,,,,,
Jessabelle,Kevin Greutert,2014,9,2,5.4,PG-13,"Horror, Thriller",November,,"$6,998,359",No,90,,,,,,,
Jigsaw,"Michael Spierig, Peter Spierig",2017,7,2,5.8,R,"Horror, Mystery, Thriller",October,"$10,000,000","$102,952,888",No,91,,,,,,,
Joy Ride,John Dahl,2001,2,0.5,6.6,R,"Mystery, Thriller",October,"$23,000,000","$36,642,838",No,97,,,,,,,
Julia's Eyes,Guillem Morales,2010,7,2,6.7,NR,"Horror, Mystery, Thriller",October,"$5,000,000","$12,884,923",No,117,,,,,,,
Jurassic Park,Steven Spielberg,1993,9,2.5,8.1,PG-13,"Action, Adventure, Sci-Fi",June,"$63,000,000","$1,030,314,141",No,127,,,,,,,
Jurassic World,Colin Trevorrow,2015,5,2,7,PG-13,"Action, Adventure, Sci-Fi",June,"$150,000,000","$1,670,400,637",No,124,,,,,,,
Jurassic World: Fallen Kingdom,J.A. Bayona,2018,7,2,6.2,PG-13,"Action, Adventure, Sci-Fi",June,"$170,000,000","$1,308,467,944",No,128,,,,,,,
Kill List,Ben Wheatley,2011,1,0.5,6.4,NR,"Crime, Drama, Horror",September,"$500,000","$171,760",No,95,,English,UK,,,,
Knock Knock,Eli Roth,2015,2,0.5,4.9,R,"Drama, Thriller",October,"$2,500,000","$5,567,103",No,99,,,,,,,
Krampus,Michael Dougherty,2015,10,2,6.1,PG-13,"Comedy, Drama, Fantasy",December,"$15,000,000","$61,548,707",No,98,,,,,,,
Lake Mungo,Joel Anderson,2008,1,0.5,6.2,R,"Drama, Horror, Mystery",January,"$1,400,000","$8,128",No,87,,English,Australia,,,,
Lake Placid,Steve Miner,1999,11,2.5,5.7,R,"Action, Comedy, Horror",July,"$35,000,000","$56,870,414",No,82,,,,,,,
Last Shift,Anthony DiBlasi,2014,17,4,5.8,R,"Horror, Mystery, Thriller",October,,,No,88,,,,,,,
Leatherface,"Alexandre Bustillo, Julien Maury",2017,13,3,5,R,"Crime, Horror, Thriller",October,,"$1,476,843",No,90,,,,,,,
Let Me In,Matt Reeves,2010,3,0.5,7.1,R,"Drama, Fantasy, Horror",October,"$20,000,000","$24,145,613",No,116,,,,,,,
Let The Right One In,Tomas Alfredson,2008,2,0.5,7.9,R,"Drama, Horror, Romance",December,"$4,000,000","$11,227,336",No,115,,,,,,,
Let Us Prey,Brian O’Malley,2014,7,3,5.7,NR,"Horror, Thriller",June,,,No,92,,,,,,,
Life,Daniel Espinosa,2017,8,2,6.6,R,"Horror, Sci-Fi, Thriller",March,"$58,000,000","$100,541,806",No,104,,,,,,,
Lights Out,David F. Sandberg,2016,19,4.5,6.3,PG-13,"Drama, Horror, Mystery",July,"$4,900,000","$148,868,835",No,81,,,,,,,
Little Evil,Eli Craig,2017,7,1.5,5.7,TV-MA,"Comedy, Horror",September,,,Yes,95,,,,,,,
Ma,Tate Taylor,2019,3,1,5.7,R,"Horror, Thriller",May,"$5,000,000","$60,582,764",No,99,,,,,,,
Maggie,Henry Hobson,2015,4,0.5,5.6,PG-13,"Drama, Horror",May,,"$1,663,165",No,95,,,,,,,
Malevolent,Olaf de Fleur Johannesson,2018,8,3,4.7,TV-MA,Horror,October,,,Yes,89,,,,,,,
Malice,Harold Becker,1993,3,1,6.4,R,"Crime, Mystery, Thriller",October,"$20,000,000","$46,405,336",No,107,,,,,,,
Mama,Andrés Muschietti,2013,13,3.5,6.2,PG-13,"Horror, Thriller",January,"$15,000,000","$146,428,180",No,100,,,,,,,
Mandy,Panos Cosmatos,2018,5,1.5,6.6,R,"Action, Fantasy, Horror",September,"$6,000,000","$1,524,880",No,121,,,,,,,
Marrowbone,Sergio G. Sánchez,2017,5,2.5,6.6,R,"Drama, Horror, Mystery",April,"$8,000,000","$12,294,931",No,110,,,,,,,
Martyrs,Pascal Laugier,2008,15,3,7.1,R,Horror,September,"$6,500,000","$1,149,138",No,99,,,,,,,
May,Lucky McKee,2002,0,0,6.6,R,"Drama, Horror",April,"$500,000","$264,349",No,93,,,,,,,
Mayhem,Joe Lynch,2017,2,0.5,6.3,NR,"Action, Comedy, Horror",November,,,No,86,,,,,,,
Megan Is Missing,Michael Goi,2011,1,0.5,4.7,NR,"Drama, Horror, Thriller",May,,,No,85,,,,,,,
Midsommar,Ari Aster,2019,3,1,7.4,R,"Drama, Horror, Mystery",July,"$10,000,000","$41,123,770",No,147,,,,,,,
Mirrors,Alexandre Aja,2008,15,4,6.1,R,"Horror, Mystery",August,"$35,000,000","$77,488,607",No,110,,,,,,,
Misery,Rob Reiner,1990,3,0.5,7.8,R,"Drama, Thriller",November,"$20,000,000","$61,276,872",No,107,,,,,,,
Mom and Dad,Brian Taylor,2017,5,1.5,5.5,R,"Comedy, Horror, Thriller",March,"$7,000,000","$165,962",No,83,,,,,,,
Morgan,Luke Scott,2016,3,0.5,5.8,R,"Action, Horror, Sci-Fi",September,"$8,000,000","$8,809,407",No,92,,,,,,,
Mother!,Darren Aronofsky,2017,7,2,6.6,R,"Drama, Horror, Mystery",September,"$30,000,000","$44,516,999",No,121,,,,,,,
Mulholland Drive,David Lynch,2001,1,1,7.9,R,"Drama, Mystery, Thriller",October,"$15,000,000","$20,129,557",No,147,,,,,,,
My Bloody Valentine,George Mihalka,1981,11,2.5,6.2,R,"Horror, Mystery, Thriller",February,"$2,300,000","$5,672,031",No,93,,,Canada,,,,
My Friend Dahmer,Marc Meyers,2017,0,0,6.2,R,"Biography, Drama",March,,"$1,436,751",No,107,,,,,,,
Nerve,"Henry Joost, Ariel Schulman",2016,1,0.5,6.5,PG-13,"Adventure, Crime, Drama",July,"$19,000,000","$85,251,425",No,96,,,,,,,
Nocturnal Animals,Tom Ford,2016,1,1,7.5,R,"Drama, Thriller",December,"$22,500,000","$30,311,857",No,116,,,,,,,
Noroi: The Curse,Kôji Shiraishi,2005,4,1,7,NR,"Horror, Mystery, Thriller",August,"$2,000,000","$6,819",No,115,,,,,,,
Oculus,Mike Flanagan,2013,14,3.5,6.5,R,"Horror, Mystery",April,"$5,000,000","$44,043,910",No,104,,,,,,,
Odd Thomas,Stephen Sommers,2013,10,3,6.8,PG-13,"Comedy, Fantasy, Horror",February,"$27,000,000","$1,149,267",No,97,,,,,,,
One Hour Photo,Mark Romanek,2002,1,0.5,6.8,R,"Drama, Thriller",September,"$12,000,000","$52,223,306",No,96,,,,,,,
One Missed Call,Eric Valette,2008,15,3.5,4,PG-13,"Horror, Mystery",January,"$20,000,000","$45,847,751",No,87,,,,,,,
Only Lovers Left Alive,Jim Jarmusch,2013,0,0,7.3,R,"Comedy, Drama, Fantasy",December,"$7,000,000","$7,609,187",No,123,,,,,,,
Orphan,Jaume Collet-Serra,2009,12,3,6.9,R,"Horror, Mystery, Thriller",July,"$20,000,000","$76,699,632",No,123,,,,,,,
Ouija,Stiles White,2014,16,4,4.5,PG-13,"Horror, Mystery, Thriller",October,"$5,000,000","$103,687,316",No,89,,,,,,,
Ouija: Origin of Evil,Mike Flanagan,2016,18,4,6.1,PG-13,"Drama, Horror, Mystery",October,"$9,000,000","$81,705,746",No,99,,,,,,,
Overlord,Julius Avery,2018,12,2.5,6.7,R,"Action, Adventure, Horror",November,"$38,000,000","$41,657,844",No,110,,,,,,,
P2,Franck Khalfoun,2007,16,4,5.9,R,"Crime, Horror, Thriller",November,"$8,000,000","$7,766,240",No,98,,,,,,,
Pandorum,Christian Alvart,2009,13,4,6.7,R,"Action, Horror, Mystery",September,"$33,000,000","$20,645,327",Yes,108,,,,,,,
Pan's Labyrinth,Guillermo del Toro,2006,6,1.5,8.2,R,"Drama, Fantasy, War",January,"$19,000,000","$83,258,226",No,119,,,,,,,
Paranormal Activity,Oren Peli,2007,10,3.5,6.3,R,"Horror, Mystery, Thriller",October,"$15,000","$193,355,800",No,86,,,,,,,
Paranormal Activity 2,Tod Williams,2010,14,3.5,5.6,NR,Horror,October,"$3,000,000","$177,512,032",No,98,,,,,,,
Paranormal Activity 3,"Henry Joost, Ariel Schulman",2011,20,4,5.8,NR,"Horror, Mystery, Thriller",October,"$5,000,000","$207,039,844",No,94,,,,,,,
Paranormal Activity 4,"Henry Joost, Ariel Schulman",2012,21,4,4.6,NR,"Horror, Mystery, Thriller",October,"$5,000,000","$142,802,657",No,96,,,,,,,
Paranormal Activity: The Ghost Dimension,Gregory Plotkin,2015,29,4,4.6,NR,"Horror, Mystery, Thriller",October,"$10,000,000","$78,903,124",No,97,,,,,,,
Patient Zero,Stefan Ruzowitzky,2018,6,1.5,4.4,R,"Action, Drama, Horror",August,,,No,93,,,,,,,
Pay The Ghost,Uli Edel,2015,13,3,5.2,NR,"Drama, Horror, Mystery",September,,"$2,914,020",No,94,,,,,,,
Personal Shopper,Olivier Assayas,2016,4,0.5,6.1,R,"Drama, Horror, Mystery",March,"$6,000,000","$2,840,408",No,105,,,,,,,
Pet,Carles Torrens,2016,2,1,5.7,R,"Horror, Thriller",December,,"$22,003",No,94,,,,,,,
Pet Sematary,Mary Lambert,1989,13,3.5,6.6,R,"Horror, Thriller",April,"$11,500,000","$57,469,467",No,103,,,,,,,
Pet Sematary,"Kevin Kölsch, Dennis Widmyer",2019,14,3.5,6.6,R,"Horror, Mystery, Thriller",April,"$21,000,000","$112,399,944",No,101,,,,,,,
Planet Terror,Robert Rodriguez,2007,14,2.5,7.1,NR,"Action, Comedy, Horror",June,,"$10,872,186",No,105,,,,,,,
Poltergeist,Tobe Hooper,1982,9,1,7.3,PG,"Horror, Thriller",June,"$10,700,000","$121,700,000",Yes,114,,,,,,,
Poltergeist,Gil Kenan,2015,21,4,5,PG-13,"Horror, Thriller",May,"$35,000,000","$95,437,994",No,93,,,,,,,
Pontypool,Bruce McDonald,2008,1,0.5,6.6,NR,"Fantasy, Horror, Thriller",September,"$1,500,000","$32,118",No,96,,,,,,,
Predator,John McTiernan,1987,7,2,7.8,R,"Action, Adventure, Sci-Fi",June,"$15,000,000","$98,399,056",No,107,,,,,,,
Prevenge,Alice Lowe,2016,0,0.5,5.9,TV-MA,"Comedy, Drama, Fantasy",March,"$80,000","$103,885",No,88,,,,,,,
Pride and Prejudice and Zombies,Burr Steers,2016,7,2,5.8,PG-13,"Action, Comedy, Fantasy",February,"$28,000,000","$16,405,171",No,108,,,,,,,
Prince of Darkness,John Carpenter,1987,7,2.5,6.7,R,Horror,October,"$3,000,000","$14,182,492",No,102,,,,,,,
Prometheus,Ridley Scott,2012,7,1.5,7,R,"Adventure, Mystery, Sci-Fi",June,"$130,000,000","$403,354,469",No,124,,,,,,,
Psycho,Alfred Hitchcock,1960,2,0.5,8.5,R,"Horror, Mystery, Thriller",September,"$806,947","$32,000,000",No,109,,,,,,,
Quarantine,John Erick Dowdle,2008,14,3.5,6,R,"Horror, Thriller",October,"$12,000,000","$41,319,906",No,89,,,,,,,
Ravenous,Antonia Bird,1999,4,1,7,R,"Adventure, Comedy, Horror",March,"$12,000,000","$2,062,405",No,101,,,,,,,
Raw,Julia Ducournau,2016,3,1,7,R,"Drama, Horror",March,"$3,500,000","$3,096,815",Yes,99,,,,,,,
Re-Animator,Stuart Gordon,1985,4,1,7.2,NR,"Comedy, Horror, Sci-Fi",October,"$900,000","$2,023,414",No,104,,,,,,,
[Rec],"Jaume Balagueró, Paco Plaza",2007,11,3.5,7.4,R,"Action, Horror, Mystery",November,"$1,500,000","$32,492,948",No,79,,,,,,,
Red Dragon,Brett Ratner,2002,6,2,7.2,R,"Crime, Drama, Thriller",October,"$78,000,000","$209,196,298",No,124,,,,,,,
Regression,Alejandro Amenábar,2015,3,1,5.7,R,"Crime, Horror, Mystery",October,"$15,000,000","$17,671,101",No,106,,,,,,,
Repulsion,Roman Polanski,1965,7,2.5,7.7,NR,"Drama, Horror, Thriller",October,"$300,000","$33,174",No,105,,,,,,,
Resident Evil,Paul W.S. Anderson,2002,7,2.5,6.7,R,"Action, Horror, Sci-Fi",March,"$33,000,000","$102,984,862",No,100,,,,,,,
Resident Evil: The Final Chapter,Paul W.S. Anderson,2016,29,4.5,5.5,R,"Action, Horror, Sci-Fi",January,"$40,000,000","$312,242,626",No,107,,,,,,,
Resolution,"Justin Benson, Aaron Moorhead",2012,2,0.5,6.3,NR,"Horror, Mystery, Thriller",January,,,No,93,,,,,,,
Restoration,Zack Ward,2016,10,3,4,NR,Horror,May,,,No,92,,,,,,,
Ring (Ringu),Hideo Nakata,1998,5,2,7.3,NR,"Horror, Mystery",January,"$1,200,000","$59,001",No,96,,,,,,,
Rings,F. Javier Gutiérrez,2017,19,3.5,4.5,PG-13,"Drama, Horror, Mystery",February,"$25,000,000","$83,080,890",No,102,,,,,,,
Rosemary's Baby,Roman Polanski,1968,0,0,8,R,"Drama, Horror",October,"$3,200,000","$33,400,000",No,136,,,,,,,
Saw,James Wan,2004,5,2,7.6,NR,"Horror, Mystery, Thriller",October,"$1,200,000","$103,911,669",No,103,,,,,,,
Saw II,Darren Lynn Bousman,2005,5,1,6.6,NR,"Horror, Mystery",October,"$4,000,000","$147,748,505",No,94,,,,,,,
Saw III,Darren Lynn Bousman,2006,5,1.5,6.2,NR,"Horror, Mystery, Thriller",October,"$10,000,000","$164,874,275",No,113,,,,,,,
Saw IV,Darren Lynn Bousman,2007,6,1.5,5.9,NR,"Horror, Mystery, Thriller",October,"$10,000,000","$139,352,633",No,96,,,,,,,
Saw V,David Hackl,2008,5,1,5.8,NR,"Horror, Mystery, Thriller",October,"$10,800,000","$113,864,059",No,95,,,,,,,
Saw VI,Kevin Greutert,2009,2,0.5,6,NR,"Horror, Mystery, Thriller",October,"$11,000,000","$68,233,629",No,92,,,,,,,
Scary Movie,Keenen Ivory Wayans,2000,8,1.5,6.2,R,Comedy,July,"$19,000,000","$278,019,771",No,88,,,,,,,
Scary Movie 2,Keenen Ivory Wayans,2001,8,1.5,5.3,R,Comedy,July,"$45,000,000","$141,220,678",Yes,83,,,,,,,
Scream,Wes Craven,1996,19,3.5,7.2,R,"Horror, Mystery",December,"$14,000,000","$173,046,663",No,111,,,,,,,
Scream 2,Wes Craven,1997,19,4,6.2,R,"Horror, Mystery",December,"$24,000,000","$172,363,301",No,120,,,,,,,
Scream 3,Wes Craven,2000,23,4,5.5,R,"Horror, Mystery",February,"$40,000,000","$161,834,276",No,116,,,,,,,
Scream 4,Wes Craven,2011,18,3.5,6.1,R,"Horror, Mystery",April,"$40,000,000","$97,231,420",Yes,111,,,,,,,
Searching,Aneesh Chaganty,2018,0,0,7.7,PG-13,"Drama, Mystery, Thriller",August,"$880,000","$75,462,037",No,102,,,,,,,
Secret Window,David Koepp,2004,10,2,6.6,PG-13,"Drama, Mystery, Thriller",March,"$40,000,000","$92,913,171",No,96,,,,,,,
Session 9,Brad Anderson,2001,0,0,6.4,R,"Horror, Mystery",September,"$1,500,000","$1,612,259",No,97,,,,,,,
Seven,David Fincher,1995,1,0.5,8.6,R,"Crime, Drama, Mystery",September,"$33,000,000","$327,311,859",No,127,,,,,,,
Shaun of the Dead,Edgar Wright,2004,13,2.5,7.9,R,"Comedy, Horror",September,"$4,000,000","$30,039,392",No,99,,,,,,,
Shutter,"Banjong Pisanthanakun, Parkpoom Wongpoom",2004,11,4,7.1,NR,"Horror, Mystery, Thriller",September,,"$6,989,456",Yes,97,,,,,,,
Shutter Island,Martin Scorsese,2010,9,2,8.1,R,"Mystery, Thriller",February,"$80,000,000","$294,804,195",No,138,,,,,,,
Signs,M. Night Shyamalan,2002,8,2,6.7,PG-13,"Drama, Mystery, Sci-Fi",August,"$72,000,000","$408,247,917",No,106,,,,,,,
Silent Hill,Christophe Gans,2006,7,1.5,6.5,R,Horror,April,"$50,000,000","$97,607,453",No,125,,,,,,,
Silent Hill: Revelation,Michael J. Bassett,2012,22,4,5,R,Horror,October,"$20,000,000","$52,302,796",No,95,,,,,,,
Silver Bullet,Dan Attias,1985,15,3,6.4,R,Horror,October,"$7,000,000","$12,361,866",No,95,,,,,,,
Sinister,Scott Derrickson,2012,17,5,6.8,R,"Horror, Mystery, Thriller",October,"$3,000,000","$77,712,439",No,110,,,,,,,
Sinister 2,Ciarán Foy,2015,19,4,5.3,R,"Horror, Mystery, Thriller",August,"$10,000,000","$52,882,018",No,97,,,,,,,
Sleepaway Camp,Robert Hiltzik,1983,6,1.5,6.3,R,Horror,November,"$350,000","$11,000,000",No,85,,,,,,,
Sleepy Hollow,Tim Burton,1999,1,0.5,7.3,R,"Fantasy, Horror, Mystery",November,"$100,000,000","$206,071,502",No,105,,,,,,,
Slender Man,Sylvain White,2018,15,3.5,3.2,PG-13,"Horror, Mystery, Thriller",August,"$10,000,000","$51,738,549",No,93,,,,,,,
Slither,James Gunn,2006,10,3,6.4,R,"Comedy, Horror, Sci-Fi",March,"$15,000,000","$12,834,936",No,95,,,,,,,
Slumber,Jonathan Hopkins,2017,12,3,4.6,R,Horror,December,,"$1,243,832",No,84,,,,,,,
Species,Roger Donaldson,1995,7,3,5.8,R,"Action, Horror, Sci-Fi",July,"$35,000,000","$113,374,103",No,108,,,,,,,
Sphere,Barry Levinson,1998,4,1,6.1,PG-13,"Drama, Horror, Mystery",February,"$80,000,000","$37,020,277",No,134,,,,,,,
Splinter,Toby Wilkins,2008,10,3,6.1,R,"Horror, Sci-Fi, Thriller",April,,"$491,070",No,82,,,,,,,
Split,M. Night Shyamalan,2016,3,0.5,7.3,PG-13,"Horror, Thriller",January,"$9,000,000","$278,454,358",No,117,,,,,,,
Spring,"Justin Benson, Aaron Moorhead",2014,1,0.5,6.7,NR,"Horror, Romance, Sci-Fi",March,,"$49,970",No,109,,,,,,,
Stake Land,Jim Mickle,2010,1,0.5,6.5,R,"Drama, Horror, Sci-Fi",June,"$650,000","$405,380",No,98,,,,,,,
Starry Eyes,"Kevin Kolsch, Dennis Widmyer",2014,9,2,6,NR,"Drama, Fantasy, Horror",November,,"$10,220",No,98,,,,,,,
Stephanie,Akiva Goldsman,2017,18,3,5.8,R,"Horror, Mystery",April,,,Yes,86,,,,,,,
Stir of Echoes,David Koepp,1999,9,3,7,R,"Horror, Mystery, Thriller",September,"$12,000,000","$21,142,914",No,99,,,,,,,
Summer of 84,"Anouk Whissell, François Simard, Yoann-Karl Whissell",2018,19,4,6.7,NR,"Drama, Horror, Mystery",August,,"$42,027",No,105,,,,,,,
Sunshine,Danny Boyle,2007,6,1.5,7.2,R,"Sci-Fi, Thriller",July,"$26,000,000","$32,017,803",No,107,,,,,,,
Super 8,J.J. Abrams,2011,15,3.5,7,PG-13,"Mystery, Sci-Fi, Thriller",June,"$50,000,000","$260,095,986",No,112,,,,,,,
Suspiria,Dario Argento,1977,6,1.5,7.4,R,Horror,August,,"$21,248",No,98,,,,,,,
Suspiria,Luca Guadagnino,2018,2,0.5,7.1,R,"Fantasy, Horror, Mystery",November,"$20,000,000","$7,942,093",No,152,,,,,,,
Tales of Halloween,Various Directors,2015,14,3,5.5,R,"Comedy, Horror",October,,"$416,792",Yes,92,,,,,,,
Terrifier,Damien Leone,2017,18,3.5,5.6,NR,"Horror, Thriller",March,"$100,000",,Yes,82,,,,,,,
Texas Chainsaw 3D,John Luessenhop,2013,14,3,4.8,R,"Horror, Thriller",January,"$20,000,000","$47,241,945",No,92,,,,,,,
The 9th Life of Louis Drax,Alexandre Aja,2016,4,1,6.3,R,"Mystery, Thriller",September,,"$584,723",No,108,,,,,,,
The Abandoned,Eytan Rockaway,2015,21,3.5,5,NR,"Horror, Mystery, Thriller",June,"$850,000",,No,87,,,,,,,
The ABCs of Death,Various Directors,2012,0,0,4.7,NR,"Comedy, Horror",April,,"$23,589",No,129,,,,,,,
The Abyss,James Cameron,1989,2,0.5,7.6,PG-13,"Adventure, Drama, Mystery",August,"$70,000,000","$90,000,098",No,140,,,,,,,
The Amityville Horror,Stuart Rosenberg,1979,8,2.5,6,R,Horror,July,"$4,700,000","$86,432,000",No,117,,,,,,,
The Amityville Horror,Andrew Douglas,2005,16,4,6,R,Horror,April,"$19,000,000","$107,516,369",No,90,,,,,,,
The Atticus Institute,Chris Sparling,2015,13,3.5,5.5,NR,Horror,January,"$1,000,000","$32,521",No,83,,,,,,,
The Autopsy of Jane Doe,André Øvredal,2016,12,3,6.8,R,"Horror, Mystery, Thriller",December,,"$5,983,416",Yes,99,,,,,,,
The Babadook,Jennifer Kent,2014,11,3,6.8,NR,"Drama, Horror",November,"$2,000,000","$10,312,540",No,94,,,,,,,
The Babysitter,McG,2017,8,2.5,6.3,TV-MA,"Comedy, Horror",October,,,Yes,85,,,,,,,
The Bay,Barry Levinson,2012,8,2.5,5.6,R,"Horror, Sci-Fi, Thriller",November,,"$1,581,252",No,84,,,,,,,
The Belko Experiment,Greg McLean,2016,8,2.5,6.1,R,"Horror, Thriller",March,"$5,000,000","$11,084,630",No,89,,,,,,,
The Blackcoat's Daughter,Osgood Perkins,2015,3,0.5,5.9,R,"Horror, Thriller",February,,"$38,348",No,89,,,,,,,
The Blair Witch Project,"Daniel Myrick, Eduardo Sánchez",1999,0,0,6.5,R,"Horror, Mystery",July,"$60,000","$248,639,099",No,81,,,,,,,
The Borderlands (Final Prayer),Elliot Goldner,2013,12,3,5.7,R,Horror,February,,,No,89,,,,,,,
The Boy,Craig Macneill,2015,1,0.5,5.4,R,"Drama, Horror, Thriller",March,,,No,89,,,,,,,
The Boy,William Brent Bell,2016,11,3,6,PG-13,"Horror, Mystery, Thriller",January,"$10,000,000","$74,136,180",Yes,97,,,,,,,
The Burning,Tony Maylam,1981,21,4,6.4,R,Horror,May,"$1,500,000",,No,91,,,,,,,
The Butterfly Effect,"Eric Bress, J. Mackye Gruber",2004,4,1,7.6,R,"Drama, Sci-Fi, Thriller",January,"$13,000,000","$95,707,652",No,120,,,,,,,
The Bye Bye Man,Stacy Title,2017,13,3,4.3,PG-13,"Drama, Fantasy, Horror",January,"$7,400,000","$26,667,197",No,100,,,,,,,
The Cabin In The Woods,Drew Goddard,2012,13,3,7,R,Horror,April,"$30,000,000","$94,348,403",No,95,,,,,,,
The Call,Brad Anderson,2013,8,2.5,6.7,R,"Crime, Drama, Horror",March,"$13,000,000","$68,572,378",No,94,,,,,,,
The Canal,Ivan Kavanagh,2014,4,2,5.9,R,"Horror, Mystery, Thriller",October,,"$75,212",No,92,,,,,,,
The Changeling,Peter Medak,1980,7,2,7.2,R,Horror,March,"$7,600,000",,No,107,,,,,,,
The Cloverfield Paradox,Julius Onah,2018,8,3,5.5,PG-13,"Drama, Horror, Mystery",February,"$26,000,000",,Yes,102,,,,,,,
The Collector,Marcus Dunstan,2009,2,1,6.4,R,"Horror, Thriller",July,"$6,000,000","$9,444,018",No,90,,,,,,,
The Conjuring,James Wan,2013,12,4,7.5,R,"Horror, Mystery, Thriller",July,"$20,000,000","$319,494,638",Yes,112,,,,,,,
The Conjuring 2,James Wan,2016,22,5,7.3,R,"Horror, Mystery, Thriller",June,"$40,000,000","$320,392,818",No,134,,,,,,,
The Conspiracy,Christopher MacBride,2012,1,0.5,6.3,NR,"Horror, Thriller",August,"$1,500,000",,No,84,,,,,,,
The Conversation,Francis Ford Coppola,1974,1,0.5,7.8,PG,"Drama, Mystery, Thriller",June,"$1,600,000","$4,432,180",No,113,,,,,,,
The Craft,Andrew Fleming,1996,4,1,6.3,R,"Drama, Fantasy, Horror",May,"$15,000,000","$24,819,936",No,101,,,,,,,
The Crazies,Breck Eisner,2010,18,4,6.5,R,"Horror, Thriller",February,"$20,000,000","$54,806,823",No,101,,,,,,,
The Crucifixion,Xavier Gens,2017,19,4.5,5.1,R,"Horror, Mystery, Thriller",October,,"$6,554,322",No,90,,,,,,,
The Cured,David Freyne,2017,16,3,5.5,R,"Drama, Horror, Sci-Fi",February,,"$323,776",No,95,,,,,,,
The Curse of La Llorona,Michael Chaves,2019,20,4,5.4,R,"Horror, Mystery, Thriller",April,"$9,000,000","$122,133,739",No,93,,,,,,,
The Dead Don’t Die,Jim Jarmusch,2019,0,0,5.5,R,"Comedy, Fantasy, Horror",June,,"$13,963,605",No,104,,,,,,,
The Den,Zachary Donohue,2013,14,4,6,R,"Horror, Mystery, Thriller",March,"$500,000","$410,129",No,81,,,,,,,
The Descent,Neil Marshall,2005,16,4,7.2,R,"Adventure, Horror, Thriller",August,"$3,500,000","$57,130,027",No,100,,,,,,,
The Devil Inside,William Brent Bell,2012,8,2.5,4.2,R,Horror,January,"$1,000,000","$101,758,490",No,83,,,,,,,
The Devil's Backbone,Guillermo del Toro,2001,4,1.5,7.4,R,"Drama, Horror",April,"$4,500,000","$6,582,065",No,108,,,,,,,
The Devil's Candy,Sean Byrne,2015,8,2,6.4,NR,"Drama, Horror, Thriller",March,,"$772,319",Yes,79,,,,,,,
The Devil's Rejects,Rob Zombie,2005,0,0,6.8,R,Horror,July,"$7,000,000","$19,390,029",No,107,,,,,,,
The Disappointments Room,D.J. Caruso,2016,9,2.5,3.9,R,"Drama, Horror, Thriller",September,"$15,000,000","$5,745,040",Yes,90,,,,,,,
The Endless,"Justin Benson, Aaron Moorhead",2017,7,2.5,6.5,NR,"Fantasy, Horror, Sci-Fi",April,,"$956,425",No,111,,,,,,,
The Evil Dead,Sam Raimi,1981,22,4,7.5,NC-17,Horror,April,"$350,000","$2,893,091",No,85,,,,,,,
The Exorcism of Emily Rose,Scott Derrickson,2005,8,2.5,6.7,PG-13,"Drama, Horror, Thriller",September,"$19,000,000","$144,216,468",No,121,,,,,,,
The Exorcist,William Friedkin,1973,10,1.5,8,R,Horror,December,"$11,000,000","$441,306,145",No,122,,,,,,,
The Exorcist III,William Peter Blatty,1990,11,2.5,6.3,R,"Drama, Horror, Mystery",August,,"$39,024,251",No,110,,,,,,,
The Eye,"Danny Pang, Oxide Chun Pang",2002,5,2,6.7,R,"Horror, Mystery",May,"$3,310,405","$12,165,016",No,98,,,,,,,
The Eyes of My Mother,Nicolas Pesce,2016,0,0,6.2,R,"Drama, Horror",December,,"$29,539",Yes,76,,,,,,,
The Faculty,Robert Rodriguez,1998,11,3,6.5,R,"Horror, Sci-Fi",December,"$15,000,000","$40,283,321",No,104,,,,,,,
The Final Destination,David R. Ellis,2009,4,1,5.2,R,"Horror, Thriller",August,"$40,000,000","$186,167,139",No,82,,,,,,,
The Final Girls,Todd Strauss-Schulson,2015,8,1.5,6.6,PG-13,"Comedy, Drama, Fantasy",November,"$4,500,000",,No,88,,,,,,,
The First Purge,Gerard McMurray,2018,8,2.5,5.1,R,"Action, Horror, Sci-Fi",July,"$13,000,000","$137,056,262",No,98,,,,,,,
The Fly,David Cronenberg,1986,2,0.5,7.5,R,"Drama, Horror, Sci-Fi",August,"$15,000,000","$60,632,088",No,96,,,,,,,
The Fog,John Carpenter,1980,16,3.5,6.8,R,"Horror, Thriller",February,"$1,000,000","$21,448,782",No,89,,,,,,,
The Forest,Jason Zada,2016,13,3.5,4.8,PG-13,"Horror, Mystery, Thriller",January,"$10,000,000","$37,608,299",No,93,,,,,,,
The Forgotten,Joseph Ruben,2004,7,3,5.8,PG-13,"Drama, Mystery, Sci-Fi",September,"$42,000,000","$117,592,831",No,91,,,,,,,
The Gallows,"Travis Cluff, Chris Lofing",2015,21,4,4.2,R,"Horror, Mystery, Thriller",July,"$100,000","$42,964,410",No,81,,,,,,,
The Gift,Joel Edgerton,2015,5,1.5,7,R,"Drama, Mystery, Thriller",August,"$5,000,000","$58,980,521",No,108,,,,,,,
The Girl with All the Gifts,Colm McCarthy,2016,3,1,6.6,R,"Drama, Horror, Sci-Fi",January,"$5,109,996","$4,086,096",No,111,,,,,,,
The Good Neighbor,Kasra Farahani,2016,7,2,6.3,NR,"Crime, Drama, Horror",August,,"$90,573",Yes,98,,,,,,,
The Green Inferno,Eli Roth,2013,4,1,5.3,R,"Adventure, Horror",September,"$5,000,000","$12,666,449",No,100,,,,,,,
The Grudge,Takashi Shimizu,2004,23,4,5.9,PG-13,"Horror, Mystery, Thriller",October,"$10,000,000","$187,281,115",No,98,,,,,,,
The Guest,Adam Wingard,2014,5,1.5,6.7,R,"Action, Comedy, Crime",September,"$5,000,000","$2,700,051",No,100,,,,,,,
The Hallow,Corin Hardy,2015,17,3.5,5.7,NR,Horror,November,,"$1,862,407",No,97,,,,,,,
The Happening,M. Night Shyamalan,2008,1,0.5,5,R,"Drama, Mystery, Sci-Fi",June,"$48,000,000","$163,403,799",No,90,,,,,,,
The Harvest,John McNaughton,2013,0,0,6.1,NR,"Drama, Mystery, Thriller",April,,,No,104,,,,,,,
The Haunting,Robert Wise,1963,3,1,7.6,G,Horror,August,"$1,400,000","$1,020,000",No,112,,,,,,,
The Haunting in Connecticut,Peter Cornwell,2009,26,4.5,5.9,PG-13,"Drama, Horror, Mystery",March,"$10,000,000","$99,279,998",No,102,,,,,,,
The Haunting in Connecticut 2: Ghosts of Georgia,Tom Elkins,2013,32,5,5.3,R,"Drama, Horror, Mystery",March,"$9,000,000","$5,127,434",No,101,,,,,,,
The Hills Have Eyes,Alexandre Aja,2006,9,2.5,6.4,R,"Horror, Thriller",March,"$15,000,000","$69,623,713",No,107,,,,,,,
The Hole,Nick Hamm,2001,3,0.5,6.2,R,"Drama, Mystery, Thriller",October,"$5,312,313","$7,819,851",No,102,,,,,,,
The House of the Devil,Ti West,2009,4,1,6.4,R,Horror,May,"$900,000","$101,215",No,95,,,,,,,
The House on Pine Street,"Aaron Keeling, Austin Keeling",2015,5,1,5.3,NR,"Drama, Horror",February,,"$106,745",No,111,,,,,,,
The House with a Clock in Its Walls,Eli Roth,2018,8,1.5,6,PG-13,"Comedy, Fantasy, Horror",September,"$42,000,000","$131,457,147",No,105,,,,,,,
The Howling,Joe Dante,1981,10,2.5,6.6,R,Horror,April,"$1,000,000","$17,985,893",No,91,,,,,,,
The Human Centipede (First Sequence),Tom Six,2009,4,1.5,4.4,R,Horror,April,"$1,652,841","$325,113",No,92,,,,,,,
The Innkeepers,Ti West,2011,9,2,5.4,R,"Drama, Horror, Mystery",March,"$750,000","$1,178,831",No,101,,,,,,,
The Innocents,Jack Clayton,1961,4,0.5,7.8,NR,Horror,December,"$549,616","$30,103",No,100,,,,,,,
The Invitation,Karyn Kusama,2015,5,1,6.6,NR,"Drama, Horror, Mystery",April,"$1,000,000","$354,835",Yes,100,,,,,,,
The Jacket,John Maybury,2005,6,1.5,7.1,R,"Drama, Fantasy, Mystery",March,"$29,000,000","$21,733,230",No,103,,,,,,,
The Killing of a Sacred Deer,Yorgos Lanthimos,2017,3,0.5,7,R,"Drama, Mystery, Thriller",November,,"$7,027,336",No,101,,,,,,,
The Last Exorcism,Daniel Stamm,2010,7,2,5.6,PG-13,"Horror, Mystery, Thriller",August,"$1,800,000","$67,738,090",No,87,,,,,,,
The Last House on the Left,Dennis Iliadis,2009,4,0.5,6.5,NR,"Horror, Thriller",March,"$15,000,000","$45,992,398",No,114,,,,,,,
The Lazarus Effect,David Gelb,2015,18,4.5,5.2,PG-13,"Horror, Mystery, Sci-Fi",February,"$3,300,000","$38,356,892",No,83,,,,,,,
The Limehouse Golem,Juan Carlos Medina,2016,0,0,6.3,NR,"Crime, Mystery, Thriller",September,,"$2,327,419",No,109,,,,,,,
The Little Stranger,Lenny Abrahamson,2018,0,0,5.5,R,"Drama, Horror, Mystery",September,,"$1,824,902",No,111,,,,,,,
The Love Witch,Anna Biller,2016,0,0,6.2,NR,"Comedy, Horror, Romance",March,,"$246,218",No,121,,,,,,,
The Meg,Jon Turteltaub,2018,18,3.5,5.7,PG-13,"Action, Horror, Sci-Fi",August,"$130,000,000","$530,243,742",No,113,,,,,,,
The Messengers,"Danny Pang, Oxide Chun Pang",2007,27,4.5,5.4,PG-13,"Horror, Mystery, Thriller",February,"$16,000,000","$55,060,212",No,90,,,,,,,
The Midnight Meat Train,Ryûhei Kitamura,2008,1,0.5,6.1,NR,"Horror, Mystery",May,"$15,000,000","$3,533,227",No,98,,,,,,,
The Mist,Frank Darabont,2007,5,1,7.1,R,"Horror, Sci-Fi",November,"$18,000,000","$57,293,715",No,126,,,,,,,
The Monster,Bryan Bertino,2016,11,3,5.4,R,"Drama, Fantasy, Horror",October,"$2,700,000","$74,700",Yes,91,,,,,,,
The Mothman Prophecies,Mark Pellington,2002,4,1,6.4,PG-13,"Drama, Horror, Mystery",January,"$32,000,000","$55,305,279",No,119,,,,,,,
The Mummy,Alex Kurtzman,2017,16,3.5,5.5,PG-13,"Action, Adventure, Fantasy",June,"$125,000,000","$409,231,607",No,110,,,,,,,
The Neighbor,Marcus Dunstan,2016,3,1,5.3,NR,"Crime, Horror, Thriller",September,,"$164,348",No,87,,,,,,,
The Neon Demon,Nicolas Winding Refn,2016,2,0.5,6.2,R,"Horror, Thriller",June,"$7,000,000","$3,377,430",No,118,,,,,,,
The New Daughter,Luiso Berdejo,2009,11,2.5,5.3,PG-13,"Horror, Thriller",October,"$15,000,000","$477,004",No,108,,,,,,,
The Ninth Gate,Roman Polanski,1999,0,0,6.7,R,"Mystery, Thriller",March,"$38,000,000","$58,401,898",No,133,,,,,,,
The Number 23,Joel Schumacher,2007,3,0.5,6.4,NR,"Crime, Mystery, Thriller",February,"$30,000,000","$77,566,815",No,101,,,,,,,
The Nun,Corin Hardy,2018,21,4.5,5.4,R,"Horror, Mystery, Thriller",September,"$22,000,000","$365,550,119",No,96,,,,,,,
The Omen,Richard Donner,1976,1,0.5,7.5,R,Horror,June,"$2,800,000","$60,922,980",No,111,,,,,,,
The Ones Below,David Farr,2015,0,0,6.1,R,"Drama, Thriller",May,"$3,700,000","$121,827",Yes,87,,,,,,,
The Open House,"Matt Angel, Suzanne Coote",2018,14,3,3.3,NR,"Horror, Thriller",January,"$100,000",,Yes,94,,,,,,,
The Orphanage,J.A. Bayona,2007,6,1.5,7.4,R,"Drama, Horror, Mystery",January,"$3,746,439","$78,638,987",No,105,,,,,,,
The Other Side of the Door,Johannes Roberts,2016,16,3.5,5.3,R,Horror,March,"$5,000,000","$14,332,467",No,96,,,,,,,
The Others,Alejandro Amenábar,2001,4,2,7.6,PG-13,"Horror, Mystery, Thriller",August,"$17,000,000","$209,947,037",No,101,,,,,,,
The Pact,Nicholas McCarthy,2012,12,3,5.8,R,"Horror, Mystery, Thriller",June,"$400,000","$3,035,415",No,89,,,,,,,
The People Under the Stairs,Wes Craven,1991,13,3,6.4,R,"Comedy, Horror, Mystery",November,"$6,000,000","$31,347,154",No,102,,,,,,,
The Perfection,Richard Shepard,2019,1,0.5,6.1,TV-MA,"Drama, Horror, Thriller",May,,,Yes,90,,,,,,,
The Possession,Ole Bornedal,2012,10,3,5.9,R,"Horror, Mystery, Thriller",August,"$14,000,000","$85,446,075",No,94,,,,,,,
The Possession of Michael King,David Jung,2014,20,4,5.7,R,Horror,August,,"$2,405,143",No,93,,,,,,,
The Predator,Shane Black,2018,6,1.5,5.4,R,"Action, Adventure, Sci-Fi",September,"$88,000,000","$160,542,134",No,107,,,,,,,
The Purge,James DeMonaco,2013,12,3,5.7,R,"Horror, Thriller",June,"$3,000,000","$89,328,627",No,85,,,,,,,
The Purge: Anarchy,James DeMonaco,2014,13,3,6.4,R,"Action, Horror, Sci-Fi",July,"$9,000,000","$111,928,365",No,104,,,,,,,
The Purge: Election Year,James DeMonaco,2016,9,2.5,6,R,"Action, Horror, Sci-Fi",July,"$10,000,000","$118,587,880",No,105,,,,,,,
The Quiet Ones,John Pogue,2014,23,4,5.1,PG-13,"Horror, Mystery, Thriller",April,"$200,000","$17,834,867",No,98,,,,,,,
The Return of the Living Dead,Dan O'Bannon,1985,1,0.5,7.3,R,"Comedy, Horror, Sci-Fi",August,"$4,000,000","$14,237,880",No,91,,,,,,,
The Ring,Gore Verbinski,2002,9,2.5,7.1,PG-13,"Horror, Mystery",October,"$48,000,000","$249,348,933",No,115,,,,,,,
The Ring Two,Hideo Nakata,2005,11,3,5.4,PG-13,"Horror, Mystery",March,"$50,000,000","$160,864,957",No,105,,,,,,,
The Rite,Mikael Håfström,2011,7,2,6,PG-13,"Drama, Horror, Mystery",January,"$37,000,000","$96,047,633",Yes,114,,,,,,,
The Ritual,David Bruckner,2017,15,3,6.3,NR,"Horror, Mystery, Thriller",February,,"$1,569,665",Yes,94,,,,,,,
The Sacrament,Ti West,2013,2,0.5,6.1,R,"Horror, Thriller",May,"$4,000,000","$9,221",No,99,,,,,,,
The Shallows,Jaume Collet-Serra,2016,9,2.5,6.3,PG-13,"Drama, Horror, Thriller",June,"$17,000,000","$119,100,758",No,86,,,,,,,
The Shape of Water,Guillermo del Toro,2017,2,0.5,7.3,R,"Adventure, Drama, Fantasy",December,"$19,400,000","$195,243,464",No,123,,,,,,,
The Shining,Stanley Kubrick,1980,3,0.5,8.4,R,"Drama, Horror",June,"$19,000,000","$45,655,744",Yes,144,,,,,,,
The Silence of the Lambs,Jonathan Demme,1991,0,0,8.6,R,"Crime, Drama, Thriller",February,"$19,000,000","$272,753,884",No,118,,,,,,,
The Sixth Sense,M. Night Shyamalan,1999,8,1.5,8.1,PG-13,"Drama, Mystery, Thriller",August,"$40,000,000","$672,806,292",Yes,107,,,,,,,
The Skeleton Key,Iain Softley,2005,11,3,6.5,PG-13,"Drama, Horror, Mystery",August,"$43,000,000","$91,974,818",No,104,,,,,,,
The Snowman,Tomas Alfredson,2017,9,2,5.1,R,"Crime, Drama, Mystery",October,"$35,000,000","$43,084,060",No,119,,,,,,,
The Strangers,Bryan Bertino,2008,16,4.5,6.2,R,"Horror, Mystery, Thriller",May,"$9,000,000","$82,391,145",No,86,,,,,,,
The Strangers: Prey at Night,Johannes Roberts,2018,14,3.5,5.2,R,Horror,March,"$5,000,000","$31,039,126",No,85,,,,,,,
The Taking of Deborah Logan,Adam Robitel,2014,19,3.5,6,R,"Horror, Mystery, Thriller",October,"$1,500,000","$407,782",No,90,,,,,,,
The Texas Chain Saw Massacre,Tobe Hooper,1974,2,1,7.5,R,Horror,October,"$300,000","$30,859,000",No,83,,,,,,,
The Texas Chainsaw Massacre,Marcus Nispel,2003,16,3,6.2,R,Horror,October,"$9,500,000","$107,362,708",No,98,,,,,,,
The Texas Chainsaw Massacre: The Beginning,Jonathan Liebesman,2006,17,3.5,5.8,R,"Horror, Thriller",October,"$16,000,000","$51,764,406",Yes,91,,,,,,,
The Thing,John Carpenter,1982,7,2,8.1,R,"Horror, Mystery, Sci-Fi",June,"$15,000,000","$19,629,760",No,109,,,,,,,
The Thing,Matthijs van Heijningen Jr.,2011,7,2.5,6.2,R,"Horror, Mystery, Sci-Fi",October,"$38,000,000","$27,428,670",No,103,,,,,,,
The Town That Dreaded Sundown,Alfonso Gomez-Rejon,2014,8,3,5.6,R,"Horror, Mystery, Thriller",October,"$400,000","$5,000,000",No,86,,,,,,,
The Transfiguration,Michael O’Shea,2016,2,1,6,NR,"Drama, Horror",April,,"$28,631",No,97,,,,,,,
The Tunnel,Carlo Ledesma,2011,6,2.5,5.9,NR,"Horror, Mystery, Thriller",May,"$135,000","$1,532",No,91,,,,,,,
The Unborn,David S. Goyer,2009,14,3.5,4.8,PG-13,"Drama, Horror, Mystery",January,"$16,000,000","$76,514,050",Yes,88,,,,,,,
The Uninvited,Charles & Thomas Guard,2009,11,3,6.3,PG-13,"Drama, Horror, Mystery",January,"$10,325,824","$41,624,046",Yes,87,,,,,,,
The Veil,Phil Joanou,2016,12,3,4.7,R,Horror,January,"$4,000,000",,Yes,93,,,,,,,
The Village,M. Night Shyamalan,2004,4,1,6.5,PG-13,"Drama, Mystery, Thriller",July,"$60,000,000","$256,697,520",No,108,,,,,,,
The Visit,M. Night Shyamalan,2015,8,2.5,6.2,PG-13,"Horror, Mystery, Thriller",September,"$5,000,000","$98,450,062",No,94,,,,,,,
The Voices,Marjane Satrapi,2014,3,0.5,6.4,R,"Comedy, Crime, Horror",February,,"$2,097,718",No,103,,,,,,,
The Void,"Jeremy Gillespie, Steven Kostanski",2016,8,2,5.8,NR,"Horror, Mystery, Sci-Fi",April,,"$368,372",Yes,90,,,,,,,
The Wailing,Na Hong-jin,2016,4,1,7.4,NR,"Horror, Mystery, Thriller",June,"$6,420,000","$49,851,770",Yes,156,,,,,,,
The Ward,John Carpenter,2010,15,4,5.6,R,"Horror, Mystery, Thriller",July,"$10,000,000","$52,965",No,89,,,,,,,
The Wicker Man,Robin Hardy,1973,4,0.5,7.6,R,"Horror, Mystery, Thriller",August,"$810,000","$98,201",No,93,,,,,,,
The Witch,Robert Eggers,2015,4,1.5,6.8,R,"Drama, Horror, Mystery",February,"$4,000,000","$40,423,945",Yes,92,,,,,,,
The Wolfman,Joe Johnston,2010,18,4,5.8,R,"Drama, Fantasy, Horror",February,"$150,000,000","$139,789,765",No,119,,,,,,,
The Woman in Black,James Watkins,2012,16,4,6.4,PG-13,"Drama, Fantasy, Horror",February,"$17,000,000","$127,730,736",No,95,,,,,,,
The Woman in Black 2: Angel of Death,Tom Harper,2014,14,4,4.8,PG-13,"Drama, Horror, Thriller",January,"$15,000,000","$48,854,305",No,98,,,,,,,
Them (Ils),"David Moreau, Xavier Palud",2006,16,4,6.4,R,"Horror, Thriller",July,"$2,350,000","$5,405,885",No,74,,,,,,,
Thesis (Tesis),Alejandro Amenábar,1996,3,0.5,7.4,R,"Horror, Mystery, Thriller",April,"$794,701","$14,227",No,125,,,,,,,
They Look Like People,Perry Blackshear,2015,2,0.5,5.9,NR,"Drama, Horror, Mystery",February,,,No,80,,,,,,,
Thirteen Ghosts,Steve Beck,2001,17,3,5.6,R,"Horror, Thriller",October,"$42,000,000","$68,467,960",No,91,,,,,,,
Timecrimes,Nacho Vigalondo,2007,3,0.5,7.2,R,"Horror, Mystery, Sci-Fi",June,"$2,600,000","$553,198",No,92,,,,,,,
Tragedy Girls,Tyler Macintyre,2017,8,2,6,R,"Comedy, Crime, Horror",October,,"$122,211",No,98,,,,,,,
Train to Busan,Sang-ho Yeon,2016,4,1,7.5,M,"Action, Horror, Thriller",July,"$8,629,915","$87,547,518",Yes,118,,,,,,,
Trash Fire,Richard Bates Jr.,2016,0,0,5.8,R,"Comedy, Drama, Horror",November,,,Yes,91,,,,,,,
Tremors,Ron Underwood,1990,16,2.5,7.1,PG-13,"Comedy, Horror",January,"$11,000,000","$16,667,084",No,96,,,,,,,
Triangle,Christopher Smith,2009,5,1,6.9,R,"Fantasy, Mystery, Thriller",October,"$12,000,000","$1,332,682",No,99,,,,,,,
Trick 'r Treat,Michael Dougherty,2007,6,2.5,6.8,R,"Comedy, Horror",December,"$12,000,000",,No,82,,,,,,,
Truth or Dare,Jeff Wadlow,2018,7,2,5.1,PG-13,"Horror, Thriller",April,"$3,500,000","$95,330,493",No,101,,,,,,,
Tucker and Dale vs. Evil,Eli Craig,2010,9,1.5,7.5,R,"Comedy, Horror",December,"$5,000,000","$4,749,516",No,89,,,,,,,
Tusk,Kevin Smith,2014,0,0,5.3,R,"Comedy, Drama, Horror",September,"$3,000,000","$1,882,074",Yes,105,,,,,,,
Under the Shadow,Babak Anvari,2016,9,3.5,6.9,PG-13,"Drama, Horror, Thriller",October,"$1,000,000","$133,324",Yes,84,,,,,,,
Unfriended,Leo Gabriadze,2014,5,3,5.5,R,"Horror, Mystery, Thriller",April,"$1,000,000","$62,882,090",No,83,,,,,,,
Unfriended: Dark Web,Stephen Susco,2018,6,1.5,5.9,R,"Horror, Mystery, Thriller",July,"$1,000,000","$16,024,987",No,92,,,,,,,
Unsane,Steven Soderbergh,2018,2,0.5,6.4,R,"Drama, Horror, Mystery",March,"$1,500,000","$14,293,601",No,98,,,,,,,
Urban Legend,Jamie Blanks,1998,17,4,5.5,R,"Horror, Mystery, Thriller",September,"$14,000,000","$72,527,595",No,100,,,,,,,
Us,Jordan Peele,2019,11,2.5,6.9,R,"Horror, Mystery, Thriller",March,"$20,000,000","$255,105,930",No,116,,,,,,,
Uzumaki,Higuchinsky,2000,15,3,6.2,NR,"Drama, Fantasy, Horror",February,"$1,000,000",,No,90,,,,,,,
Vacancy,Nimród Antal,2007,12,2.5,6.2,R,"Horror, Thriller",April,"$19,000,000","$35,300,645",No,85,,,,,,,
Velvet Buzzsaw,Dan Gilroy,2019,10,2.5,5.7,R,"Horror, Mystery, Thriller",February,"$21,200,000",,No,112,,,,,,,
Veronica,Paco Plaza,2017,10,3,6.2,NR,Horror,August,,"$6,123,089",Yes,105,,,,,,,
V/H/S,Various Directors,2012,7,3.5,5.8,R,"Horror, Thriller",September,,"$1,944,287",No,116,,,,,,,
V/H/S/2,Various Directors,2013,14,4,6,R,"Horror, Thriller",June,,"$805,574",No,96,,,,,,,
Victor Frankenstein,Paul McGuigan,2015,6,1.5,6,PG-13,"Drama, Horror, Sci-Fi",November,"$65,000,000","$34,227,298",No,110,,,,,,,
Viral,"Henry Joost, Ariel Schulman",2016,20,4,5.5,R,"Drama, Horror, Sci-Fi",July,,"$551,760",No,85,,,,,,,
Visions,Kevin Greutert,2015,10,3.5,5.3,R,"Horror, Mystery",January,,"$1,013,805",No,82,,,,,,,
Wait Until Dark,Terence Young,1967,1,0.5,7.8,NR,"Horror, Thriller",January,"$3,000,000",,No,108,,,,,,,
We Are Still Here,Ted Geoghegan,2015,12,3,5.7,NR,Horror,December,,,No,84,,,,,,,
Wes Craven's New Nightmare,Wes Craven,1994,11,2.5,6.4,R,"Fantasy, Horror, Mystery",October,"$8,000,000","$19,721,741",No,112,,,,,,,
What Lies Beneath,Robert Zemeckis,2000,16,3,6.6,PG-13,"Drama, Fantasy, Horror",July,"$100,000,000","$291,420,351",No,130,,,,,,,
When a Stranger Calls,Fred Walton,1979,5,2,6.6,R,"Horror, Thriller",February,"$15,000,000","$66,966,987",No,97,,,,,,,
Wildling,Fritz Böhm,2018,4,1.5,5.5,R,"Drama, Fantasy, Horror",April,,"$504,718",No,92,,,,,,,
Winchester,"Michael Spierig, Peter Spierig",2018,17,4,5.4,PG-13,"Biography, Drama, Fantasy",February,"$3,500,000","$44,019,588",No,99,,,,,,,
Wind Chill,Gregory Jacobs,2007,13,3,5.8,R,"Drama, Horror, Thriller",August,"$6,000,000","$285,060",No,91,,,,,,,
Wish Upon,John R. Leonetti,2017,11,2,5,PG-13,"Drama, Fantasy, Horror",July,"$12,000,000","$23,468,586",No,90,,,,,,,
Wolf Creek,Greg McLean,2005,0,0,6.2,R,"Horror, Thriller",December,"$1,000,000","$30,762,648",No,99,,,,,,,
World War Z,Marc Forster,2013,7,2.5,7,NR,"Action, Adventure, Horror",June,"$190,000,000","$540,007,876",No,123,,,,,,,
Would You Rather,David Guy Levy,2012,3,1,5.7,NR,"Horror, Thriller",June,,,Yes,93,,,,,,,
Wrong Turn,Rob Schmidt,2003,13,3,6.1,R,Horror,May,"$12,600,000","$28,650,575",No,84,,,,,,,
You're Next,Adam Wingard,2011,11,3,6.5,R,"Horror, Mystery, Thriller",August,"$1,000,000","$26,895,481",No,95,,,,,,,
Zodiac,David Fincher,2007,3,0.5,7.7,R,"Crime, Drama, Mystery",March,"$65,000,000","$84,785,914",No,163,,,,,,,
Zombieland,Ruben Fleischer,2009,9,3,7.6,R,"Adventure, Comedy, Horror",October,"$23,600,000","$102,392,080",No,88,,,,,,,